uuid;ctime;eventName
546;2023-12-31 23:59:00;gdfgdfgdfgdfgdfg
547;2023-12-31 23:59:00;gdfgdfgdfgdfgdfg
548;2023-12-31 23:59:00;gdfgdfgdfgdfgdfg
549;2023-12-31 23:59:00;gdfgdfgdfgdfgdfg
550;2023-12-31 23:59:00;gdfgdfgdfgdfgdfg
551;2023-12-31 23:59:00;gdfgdfgdfgdfgdfg
552;2023-12-31 23:59:00;gdfgdfgdfgdfgdfg
553;2023-12-31 23:59:00;gdfgdfgdfgdfgdfg
554;2023-12-31 23:59:00;gdfgdfgdfgdfgdfg
555;2023-12-31 23:59:00;gdfgdfgdfgdfgdfg
556;2023-12-31 23:59:00;gdfgdfgdfgdfgdfg
557;2023-12-31 23:59:00;gdfgdfgdfgdfgdfg
558;2023-12-31 23:59:00;gdfgdfgdfgdfgdfg
559;2023-12-31 23:59:00;gdfgdfgdfgdfgdfg
560;2023-12-31 23:59:00;gdfgdfgdfgdfgdfg
